{
  "countries": [
    {
      "name": "Australia",
      "iso2": "AU",
      "iso3": "AUS"
    },
    {
      "name": "Great Britain",
      "iso2": "GB",
      "iso3": "GBR"
    },
    {
      "name": "Canada",
      "iso2": "CA",
      "iso3": "CAN"
    },
    {
      "name": "South Africa",
      "iso2": "ZA",
      "iso3": "ZAF"
    },
    {
      "name": "India",
      "iso2": "IN",
      "iso3": "IND"
    },
    {
      "name": "United States of America",
      "iso2": "US",
      "iso3": "USA"
    },
    {
      "name": "New Zealand",
      "iso2": "NZ",
      "iso3": "NZL"
    },
    {
      "name": "Fiji",
      "iso2": "FJ",
      "iso3": "FJI"
    },
    {
      "name": "Saudi Arabia",
      "iso2": "SA",
      "iso3": "SAU"
    },
    {
      "name": "Germany",
      "iso2": "DE",
      "iso3": "DEU"
    },
    {
      "name": "Netherlands",
      "iso2": "NL",
      "iso3": "NLD"
    },
    {
      "name": "Afghanistan",
      "iso2": "AF",
      "iso3": "AFG"
    },
    {
      "name": "Aland Islands",
      "iso2": "AX",
      "iso3": "ALA"
    },
    {
      "name": "Albania",
      "iso2": "AL",
      "iso3": "ALB"
    },
    {
      "name": "Algeria",
      "iso2": "DZ",
      "iso3": "DZA"
    },
    {
      "name": "American Samoa",
      "iso2": "AS",
      "iso3": "ASM"
    },
    {
      "name": "Andorra",
      "iso2": "AD",
      "iso3": "AND"
    },
    {
      "name": "Angola",
      "iso2": "AO",
      "iso3": "AGO"
    },
    {
      "name": "Anguilla",
      "iso2": "AI",
      "iso3": "AIA"
    },
    {
      "name": "Antarctica",
      "iso2": "AQ",
      "iso3": "ATA"
    },
    {
      "name": "Antigua and Barbuda",
      "iso2": "AG",
      "iso3": "ATG"
    },
    {
      "name": "Argentina",
      "iso2": "AR",
      "iso3": "ARG"
    },
    {
      "name": "Armenia",
      "iso2": "AM",
      "iso3": "ARM"
    },
    {
      "name": "Aruba",
      "iso2": "AW",
      "iso3": "ABW"
    },
    {
      "name": "Austria",
      "iso2": "AT",
      "iso3": "AUT"
    },
    {
      "name": "Azerbaijan",
      "iso2": "AZ",
      "iso3": "AZE"
    },
    {
      "name": "Bahamas",
      "iso2": "BS",
      "iso3": "BHS"
    },
    {
      "name": "Bahrain",
      "iso2": "BH",
      "iso3": "BHR"
    },
    {
      "name": "Bangladesh",
      "iso2": "BD",
      "iso3": "BGD"
    },
    {
      "name": "Barbados",
      "iso2": "BB",
      "iso3": "BRB"
    },
    {
      "name": "Belarus",
      "iso2": "BY",
      "iso3": "BLR"
    },
    {
      "name": "Belgium",
      "iso2": "BE",
      "iso3": "BEL"
    },
    {
      "name": "Belize",
      "iso2": "BZ",
      "iso3": "BLZ"
    },
    {
      "name": "Benin",
      "iso2": "BJ",
      "iso3": "BEN"
    },
    {
      "name": "Bermuda",
      "iso2": "BM",
      "iso3": "BMU"
    },
    {
      "name": "Bhutan",
      "iso2": "BT",
      "iso3": "BTN"
    },
    {
      "name": "Bolivia",
      "iso2": "BO",
      "iso3": "BOL"
    },
    {
      "name": "Bosnia and Herzegovina",
      "iso2": "BA",
      "iso3": "BIH"
    },
    {
      "name": "Botswana",
      "iso2": "BW",
      "iso3": "BWA"
    },
    {
      "name": "Bouvet Island (Bouvetoya)",
      "iso2": "BV",
      "iso3": "BVT"
    },
    {
      "name": "Brazil",
      "iso2": "IR",
      "iso3": "IRN"
    },
    {
      "name": "British Indian Ocean Territory (Chagos Archipelago)",
      "iso2": "IQ",
      "iso3": "IRQ"
    },
    {
      "name": "British Virgin Islands",
      "iso2": "IE",
      "iso3": "IRL"
    },
    {
      "name": "Brunei Darussalam",
      "iso2": "IL",
      "iso3": "ISR"
    },
    {
      "name": "Bulgaria",
      "iso2": "IT",
      "iso3": "ITA"
    },
    {
      "name": "Burkina Faso",
      "iso2": "JM",
      "iso3": "JAM"
    },
    {
      "name": "Burundi",
      "iso2": "JP",
      "iso3": "JPN"
    },
    {
      "name": "Cambodia",
      "iso2": "JE",
      "iso3": "JEY"
    },
    {
      "name": "Cameroon",
      "iso2": "JO",
      "iso3": "JOR"
    },
    {
      "name": "Cape Verde",
      "iso2": "KZ",
      "iso3": "KAZ"
    },
    {
      "name": "Cayman Islands",
      "iso2": "KE",
      "iso3": "KEN"
    },
    {
      "name": "Central African Republic",
      "iso2": "KI",
      "iso3": "KIR"
    },
    {
      "name": "Chad",
      "iso2": "KP",
      "iso3": "PRK"
    },
    {
      "name": "Chile",
      "iso2": "KP",
      "iso3": "PRK"
    },
    {
      "name": "China",
      "iso2": "KR",
      "iso3": "KOR"
    },
    {
      "name": "Christmas Island",
      "iso2": "KW",
      "iso3": "KWT"
    },
    {
      "name": "Cocos (Keeling) Islands",
      "iso2": "KG",
      "iso3": "KGZ"
    },
    {
      "name": "Colombia",
      "iso2": "LA",
      "iso3": "LAO"
    },
    {
      "name": "Comoros the",
      "iso2": "LV",
      "iso3": "LVA"
    },
    {
      "name": "Congo",
      "iso2": "LB",
      "iso3": "LBN"
    },
    {
      "name": "Congo the",
      "iso2": "LS",
      "iso3": "LSO"
    },
    {
      "name": "Cook Islands",
      "iso2": "LR",
      "iso3": "LBR"
    },
    {
      "name": "Costa Rica",
      "iso2": "LY",
      "iso3": "LBY"
    },
    {
      "name": "Cote d'Ivoire",
      "iso2": "LI",
      "iso3": "LIE"
    },
    {
      "name": "Croatia",
      "iso2": "LT",
      "iso3": "LTU"
    },
    {
      "name": "Cuba",
      "iso2": "LU",
      "iso3": "LUX"
    },
    {
      "name": "Cyprus",
      "iso2": "MO",
      "iso3": "MAC"
    },
    {
      "name": "Czech Republic",
      "iso2": "MK",
      "iso3": "MKD"
    },
    {
      "name": "Czechia",
      "iso2": "MK",
      "iso3": "MKD"
    },
    {
      "name": "Denmark",
      "iso2": "MG",
      "iso3": "MDG"
    },
    {
      "name": "Djibouti",
      "iso2": "MW",
      "iso3": "MWI"
    },
    {
      "name": "Dominica",
      "iso2": "MY",
      "iso3": "MYS"
    },
    {
      "name": "Dominican Republic",
      "iso2": "MV",
      "iso3": "MDV"
    },
    {
      "name": "Ecuador",
      "iso2": "ML",
      "iso3": "MLI"
    },
    {
      "name": "Egypt",
      "iso2": "MT",
      "iso3": "MLT"
    },
    {
      "name": "El Salvador",
      "iso2": "MH",
      "iso3": "MHL"
    },
    {
      "name": "Equatorial Guinea",
      "iso2": "MQ",
      "iso3": "MTQ"
    },
    {
      "name": "Eritrea",
      "iso2": "MR",
      "iso3": "MRT"
    },
    {
      "name": "Estonia",
      "iso2": "MU",
      "iso3": "MUS"
    },
    {
      "name": "Ethiopia",
      "iso2": "YT",
      "iso3": "MYT"
    },
    {
      "name": "Faroe Islands",
      "iso2": "FM",
      "iso3": "FSM"
    },
    {
      "name": "Falkland Islands (Malvinas)",
      "iso2": "MD",
      "iso3": "MDA"
    },
    {
      "name": "Finland",
      "iso2": "MC",
      "iso3": "MCO"
    },
    {
      "name": "France",
      "iso2": "MN",
      "iso3": "MNG"
    },
    {
      "name": "French Guiana",
      "iso2": "ME",
      "iso3": "MNE"
    },
    {
      "name": "French Polynesia",
      "iso2": "MS",
      "iso3": "MSR"
    },
    {
      "name": "French Southern Territories",
      "iso2": "MA",
      "iso3": "MAR"
    },
    {
      "name": "Gabon",
      "iso2": "MZ",
      "iso3": "MOZ"
    },
    {
      "name": "Gambia the",
      "iso2": "MM",
      "iso3": "MMR"
    },
    {
      "name": "Georgia",
      "iso2": "NA",
      "iso3": "NAM"
    },
    {
      "name": "Ghana",
      "iso2": "PT",
      "iso3": "PRT"
    },
    {
      "name": "Gibraltar",
      "iso2": "PR",
      "iso3": "PRI"
    },
    {
      "name": "Greece",
      "iso2": "QA",
      "iso3": "QAT"
    },
    {
      "name": "Greenland",
      "iso2": "RE",
      "iso3": "REU"
    },
    {
      "name": "Grenada",
      "iso2": "RO",
      "iso3": "ROU"
    },
    {
      "name": "Guadeloupe",
      "iso2": "RU",
      "iso3": "RUS"
    },
    {
      "name": "Guam",
      "iso2": "RW",
      "iso3": "RWA"
    },
    {
      "name": "Guatemala",
      "iso2": "BL",
      "iso3": "BLM"
    },
    {
      "name": "Guernsey",
      "iso2": "SH",
      "iso3": "SHN"
    },
    {
      "name": "Guinea",
      "iso2": "KN",
      "iso3": "KNA"
    },
    {
      "name": "Guinea-Bissau",
      "iso2": "GW",
      "iso3": "GNB"
    },
    {
      "name": "Guyana",
      "iso2": "GY",
      "iso3": "GUY"
    },
    {
      "name": "Haiti",
      "iso2": "HT",
      "iso3": "HTI"
    },
    {
      "name": "Heard Island and McDonald Islands",
      "iso2": "HM",
      "iso3": "HMD"
    },
    {
      "name": "Holy See (Vatican City State)",
      "iso2": "VA",
      "iso3": "VAT"
    },
    {
      "name": "Honduras",
      "iso2": "HN",
      "iso3": "HND"
    },
    {
      "name": "Hong Kong",
      "iso2": "HK",
      "iso3": "HKG"
    },
    {
      "name": "Hungary",
      "iso2": "HU",
      "iso3": "HUN"
    },
    {
      "name": "Iceland",
      "iso2": "IS",
      "iso3": "ISL"
    },
    {
      "name": "Indonesia",
      "iso2": "ID",
      "iso3": "IDN"
    },
    {
      "name": "Iran",
      "iso2": "IR",
      "iso3": "IRN"
    },
    {
      "name": "Iraq",
      "iso2": "IQ",
      "iso3": "IRQ"
    },
    {
      "name": "Ireland",
      "iso2": "IE",
      "iso3": "IRL"
    },
    {
      "name": "Israel",
      "iso2": "IL",
      "iso3": "ISR"
    },
    {
      "name": "Italy",
      "iso2": "IT",
      "iso3": "ITA"
    },
    {
      "name": "Jamaica",
      "iso2": "JM",
      "iso3": "JAM"
    },
    {
      "name": "Japan",
      "iso2": "JP",
      "iso3": "JPN"
    },
    {
      "name": "Jersey",
      "iso2": "JE",
      "iso3": "JEY"
    },
    {
      "name": "Jordan",
      "iso2": "JO",
      "iso3": "JOR"
    },
    {
      "name": "Kazakhstan",
      "iso2": "KZ",
      "iso3": "KAZ"
    },
    {
      "name": "Kenya",
      "iso2": "PN",
      "iso3": "PCN"
    },
    {
      "name": "Kiribati",
      "iso2": "PL",
      "iso3": "POL"
    },
    {
      "name": "Korea",
      "iso2": "PT",
      "iso3": "PRT"
    },
    {
      "name": "North Korea",
      "iso2": "PR",
      "iso3": "PRI"
    },
    {
      "name": "South Korea",
      "iso2": "QA",
      "iso3": "QAT"
    },
    {
      "name": "Kuwait",
      "iso2": "RE",
      "iso3": "REU"
    },
    {
      "name": "Kyrgyz Republic",
      "iso2": "RO",
      "iso3": "ROU"
    },
    {
      "name": "Lao",
      "iso2": "RU",
      "iso3": "RUS"
    },
    {
      "name": "Latvia",
      "iso2": "RW",
      "iso3": "RWA"
    },
    {
      "name": "Lebanon",
      "iso2": "BL",
      "iso3": "BLM"
    },
    {
      "name": "Lesotho",
      "iso2": "SH",
      "iso3": "SHN"
    },
    {
      "name": "Liberia",
      "iso2": "KN",
      "iso3": "KNA"
    },
    {
      "name": "Libyan Arab Jamahiriya",
      "iso2": "LC",
      "iso3": "LCA"
    },
    {
      "name": "Liechtenstein",
      "iso2": "MF",
      "iso3": "MAF"
    },
    {
      "name": "Lithuania",
      "iso2": "PM",
      "iso3": "SPM"
    },
    {
      "name": "Luxembourg",
      "iso2": "VC",
      "iso3": "VCT"
    },
    {
      "name": "Macao",
      "iso2": "WS",
      "iso3": "WSM"
    },
    {
      "name": "Macedonia",
      "iso2": "SM",
      "iso3": "SMR"
    },
    {
      "name": "North Macedonia",
      "iso2": "ST",
      "iso3": "STP"
    },
    {
      "name": "Madagascar",
      "iso2": "SN",
      "iso3": "SEN"
    },
    {
      "name": "Malawi",
      "iso2": "RS",
      "iso3": "SRB"
    },
    {
      "name": "Malaysia",
      "iso2": "SC",
      "iso3": "SYC"
    },
    {
      "name": "Maldives",
      "iso2": "SL",
      "iso3": "SLE"
    },
    {
      "name": "Mali",
      "iso2": "SG",
      "iso3": "SGP"
    },
    {
      "name": "Malta",
      "iso2": "SK",
      "iso3": "SVK"
    },
    {
      "name": "Marshall Islands",
      "iso2": "SI",
      "iso3": "SVN"
    },
    {
      "name": "Martinique",
      "iso2": "SB",
      "iso3": "SLB"
    },
    {
      "name": "Mauritania",
      "iso2": "SO",
      "iso3": "SOM"
    },
    {
      "name": "Mauritius",
      "iso2": "GS",
      "iso3": "SGS"
    },
    {
      "name": "Mayotte",
      "iso2": "SS",
      "iso3": "SSD"
    },
    {
      "name": "Micronesia",
      "iso2": "ES",
      "iso3": "ESP"
    },
    {
      "name": "Moldova",
      "iso2": "LK",
      "iso3": "LKA"
    },
    {
      "name": "Monaco",
      "iso2": "SD",
      "iso3": "SDN"
    },
    {
      "name": "Mongolia",
      "iso2": "SR",
      "iso3": "SUR"
    },
    {
      "name": "Montenegro",
      "iso2": "SJ",
      "iso3": "SJM"
    },
    {
      "name": "Montserrat",
      "iso2": "SZ",
      "iso3": "SWZ"
    },
    {
      "name": "Morocco",
      "iso2": "SZ",
      "iso3": "SWZ"
    },
    {
      "name": "Mozambique",
      "iso2": "SE",
      "iso3": "SWE"
    },
    {
      "name": "Myanmar",
      "iso2": "CH",
      "iso3": "CHE"
    },
    {
      "name": "Namibia",
      "iso2": "SY",
      "iso3": "SYR"
    },
    {
      "name": "Nauru",
      "iso2": "TW",
      "iso3": "TWN"
    },
    {
      "name": "Nepal",
      "iso2": "TW",
      "iso3": "TWN"
    },
    {
      "name": "Netherlands Antilles",
      "iso2": "TJ",
      "iso3": "TJK"
    },
    {
      "name": "New Caledonia",
      "iso2": "TZ",
      "iso3": "TZA"
    },
    {
      "name": "Nicaragua",
      "iso2": "TH",
      "iso3": "THA"
    },
    {
      "name": "Niger",
      "iso2": "TL",
      "iso3": "TLS"
    },
    {
      "name": "Nigeria",
      "iso2": "TG",
      "iso3": "TGO"
    },
    {
      "name": "Niue",
      "iso2": "TK",
      "iso3": "TKL"
    },
    {
      "name": "Norfolk Island",
      "iso2": "TO",
      "iso3": "TON"
    },
    {
      "name": "Northern Mariana Islands",
      "iso2": "TT",
      "iso3": "TTO"
    },
    {
      "name": "Norway",
      "iso2": "TN",
      "iso3": "TUN"
    },
    {
      "name": "Oman",
      "iso2": "TR",
      "iso3": "TUR"
    },
    {
      "name": "Pakistan",
      "iso2": "TM",
      "iso3": "TKM"
    },
    {
      "name": "Palau",
      "iso2": "TC",
      "iso3": "TCA"
    },
    {
      "name": "Palestinian Territory",
      "iso2": "TV",
      "iso3": "TUV"
    },
    {
      "name": "Panama",
      "iso2": "UG",
      "iso3": "UGA"
    },
    {
      "name": "Papua New Guinea",
      "iso2": "UA",
      "iso3": "UKR"
    },
    {
      "name": "Paraguay",
      "iso2": "AE",
      "iso3": "ARE"
    },
    {
      "name": "Peru",
      "iso2": "GB",
      "iso3": "GBR"
    },
    {
      "name": "Philippines",
      "iso2": "UM",
      "iso3": "UMI"
    },
    {
      "name": "Pitcairn Islands",
      "iso2": "VI",
      "iso3": "VIR"
    },
    {
      "name": "Poland",
      "iso2": "PL",
      "iso3": "POL"
    },
    {
      "name": "Portugal, Portuguese Republic",
      "iso2": "PT",
      "iso3": "PRT"
    },
    {
      "name": "Puerto Rico",
      "iso2": "PR",
      "iso3": "PRI"
    },
    {
      "name": "Qatar",
      "iso2": "QA",
      "iso3": "QAT"
    },
    {
      "name": "Reunion",
      "iso2": "RE",
      "iso3": "REU"
    },
    {
      "name": "Romania",
      "iso2": "RO",
      "iso3": "ROU"
    },
    {
      "name": "Russia",
      "iso2": "RU",
      "iso3": "RUS"
    },
    {
      "name": "Rwanda",
      "iso2": "RW",
      "iso3": "RWA"
    },
    {
      "name": "Saint Barthelemy",
      "iso2": "BL",
      "iso3": "BLM"
    },
    {
      "name": "Saint Helena",
      "iso2": "SH",
      "iso3": "SHN"
    },
    {
      "name": "Saint Kitts and Nevis",
      "iso2": "KN",
      "iso3": "KNA"
    },
    {
      "name": "Saint Lucia",
      "iso2": "LC",
      "iso3": "LCA"
    },
    {
      "name": "Saint Martin",
      "iso2": "MF",
      "iso3": "MAF"
    },
    {
      "name": "Saint Pierre and Miquelon",
      "iso2": "PM",
      "iso3": "SPM"
    },
    {
      "name": "Saint Vincent and the Grenadines",
      "iso2": "VC",
      "iso3": "VCT"
    },
    {
      "name": "Samoa",
      "iso2": "WS",
      "iso3": "WSM"
    },
    {
      "name": "San Marino",
      "iso2": "SM",
      "iso3": "SMR"
    },
    {
      "name": "Sao Tome and Principe",
      "iso2": "ST",
      "iso3": "STP"
    },
    {
      "name": "Senegal",
      "iso2": "SN",
      "iso3": "SEN"
    },
    {
      "name": "Serbia",
      "iso2": "RS",
      "iso3": "SRB"
    },
    {
      "name": "Seychelles",
      "iso2": "SC",
      "iso3": "SYC"
    },
    {
      "name": "Sierra Leone",
      "iso2": "SL",
      "iso3": "SLE"
    },
    {
      "name": "Singapore",
      "iso2": "SG",
      "iso3": "SGP"
    },
    {
      "name": "Slovakia (Slovak Republic)",
      "iso2": "SK",
      "iso3": "SVK"
    },
    {
      "name": "Slovenia",
      "iso2": "SI",
      "iso3": "SVN"
    },
    {
      "name": "Solomon Islands",
      "iso2": "SB",
      "iso3": "SLB"
    },
    {
      "name": "Somalia, Somali Republic",
      "iso2": "SO",
      "iso3": "SOM"
    },
    {
      "name": "South Georgia and the South Sandwich Islands",
      "iso2": "GS",
      "iso3": "SGS"
    },
    {
      "name": "South Sudan",
      "iso2": "SS",
      "iso3": "SSD"
    },
    {
      "name": "Spain",
      "iso2": "ES",
      "iso3": "ESP"
    },
    {
      "name": "Sri Lanka",
      "iso2": "LK",
      "iso3": "LKA"
    },
    {
      "name": "Sudan",
      "iso2": "SD",
      "iso3": "SDN"
    },
    {
      "name": "Suriname",
      "iso2": "SR",
      "iso3": "SUR"
    },
    {
      "name": "Svalbard & Jan Mayen Islands",
      "iso2": "SJ",
      "iso3": "SJM"
    },
    {
      "name": "Swaziland",
      "iso2": "SZ",
      "iso3": "SWZ"
    },
    {
      "name": "Eswatini",
      "iso2": "SZ",
      "iso3": "SWZ"
    },
    {
      "name": "Sweden",
      "iso2": "SE",
      "iso3": "SWE"
    },
    {
      "name": "Switzerland",
      "iso2": "CH",
      "iso3": "CHE"
    },
    {
      "name": "Syrian Arab Republic",
      "iso2": "SY",
      "iso3": "SYR"
    },
    {
      "name": "Taiwan",
      "iso2": "TW",
      "iso3": "TWN"
    },
    {
      "name": "Republic of China (Taiwan)",
      "iso2": "TW",
      "iso3": "TWN"
    },
    {
      "name": "Tajikistan",
      "iso2": "TJ",
      "iso3": "TJK"
    },
    {
      "name": "Tanzania",
      "iso2": "TZ",
      "iso3": "TZA"
    },
    {
      "name": "Thailand",
      "iso2": "TH",
      "iso3": "THA"
    },
    {
      "name": "Timor-Leste",
      "iso2": "TL",
      "iso3": "TLS"
    },
    {
      "name": "Togo",
      "iso2": "TG",
      "iso3": "TGO"
    },
    {
      "name": "Tokelau",
      "iso2": "TK",
      "iso3": "TKL"
    },
    {
      "name": "Tonga",
      "iso2": "TO",
      "iso3": "TON"
    },
    {
      "name": "Trinidad and Tobago",
      "iso2": "TT",
      "iso3": "TTO"
    },
    {
      "name": "Tunisia",
      "iso2": "TN",
      "iso3": "TUN"
    },
    {
      "name": "Türkiye",
      "iso2": "TR",
      "iso3": "TUR"
    },
    {
      "name": "Turkmenistan",
      "iso2": "TM",
      "iso3": "TKM"
    },
    {
      "name": "Turks and Caicos Islands",
      "iso2": "TC",
      "iso3": "TCA"
    },
    {
      "name": "Tuvalu",
      "iso2": "TV",
      "iso3": "TUV"
    },
    {
      "name": "Uganda",
      "iso2": "UG",
      "iso3": "UGA"
    },
    {
      "name": "Ukraine",
      "iso2": "UA",
      "iso3": "UKR"
    },
    {
      "name": "United Arab Emirates",
      "iso2": "AE",
      "iso3": "ARE"
    },
    {
      "name": "United Kingdom",
      "iso2": "GB",
      "iso3": "GBR"
    },
    {
      "name": "United States Minor Outlying Islands",
      "iso2": "UM",
      "iso3": "UMI"
    },
    {
      "name": "United States Virgin Islands",
      "iso2": "VI",
      "iso3": "VIR"
    },
    {
      "name": "Uruguay, Eastern Republic of",
      "iso2": "UY",
      "iso3": "URY"
    },
    {
      "name": "Uzbekistan",
      "iso2": "UZ",
      "iso3": "UZB"
    },
    {
      "name": "Vanuatu",
      "iso2": "VU",
      "iso3": "VUT"
    },
    {
      "name": "Venezuela",
      "iso2": "VE",
      "iso3": "VEN"
    },
    {
      "name": "Vietnam",
      "iso2": "VN",
      "iso3": "VNM"
    },
    {
      "name": "Wallis and Futuna",
      "iso2": "WF",
      "iso3": "WLF"
    },
    {
      "name": "Western Sahara",
      "iso2": "EH",
      "iso3": "ESH"
    },
    {
      "name": "Yemen",
      "iso2": "YE",
      "iso3": "YEM"
    },
    {
      "name": "Kosovo",
      "iso2": "XK",
      "iso3": "XKS"
    },
    {
      "name": "Zambia",
      "iso2": "ZM",
      "iso3": "ZMB"
    },
    {
      "name": "Zimbabwe",
      "iso2": "ZW",
      "iso3": "ZWE"
    },
    {
      "name": "Mexico",
      "iso2": "MX",
      "iso3": "MEX"
    },
    {
      "name": "Isle of Man",
      "iso2": "IM",
      "iso3": "IMN"
    },
    {
      "name": "Free City of Danzig",
      "iso2": "",
      "iso3": ""
    },
    {
      "name": "Rhodesia",
      "iso2": "RH",
      "iso3": "RHO"
    },
    {
      "name": "Yugoslavia",
      "iso2": "YU",
      "iso3": "YUG"
    },
    {
      "name": "Tristan da Cunha",
      "iso2": "",
      "iso3": ""
    },
    {
      "name": "European Union",
      "iso2": "",
      "iso3": ""
    },
    {
      "name": "Czechoslovakia",
      "iso2": "CS",
      "iso3": "CSK"
    },
    {
      "name": "Palestine (British Mandate)",
      "iso2": "",
      "iso3": ""
    },
    {
      "name": "British India",
      "iso2": "",
      "iso3": ""
    }
  ]
}